						401:10			402:0						
						401:11			402:1						
				401:0	401:5	401:12			402:2	402:5	402:10				
400:0	400:4	400:8	400:12	401:1	401:6	401:13			402:3	402:6	402:11	403:0	403:4	403:8	403:12
400:1	400:5	400:9	400:13	401:2	401:7	401:14			402:4	402:7	402:12	403:1	403:5	403:9	403:13
400:2	400:6	400:10	400:14	401:3	401:8					402:8	402:13	403:2	403:6	403:10	403:14
400:3	400:7	400:11	400:15	401:4	401:9					402:9	402:14	403:3	403:7	403:11	403:15
															
404:0	404:5	404:10	404:15	405:0	405:5					406:10	406:15	407:0	407:5	407:10	407:15
404:1	404:6	404:11	404:16	405:1	405:6					406:11	406:16	407:1	407:6	407:11	407:16
404:2	404:7	404:12	404:17	405:2	405:7	405:10	405:15	406:0	406:5	406:12	406:17	407:2	407:7	407:12	407:17
404:3	404:8	404:13	404:18	405:3	405:8	405:11	405:16	406:1	406:6	406:13	406:18	407:3	407:8	407:13	407:18
404:4	404:9	404:14	404:19	405:4	405:9	405:12	405:17	406:2	406:7	406:14	406:19	407:4	407:9	407:14	407:19
						405:13	405:18	406:3	406:8						
						405:14	405:19	406:4	406:9						
